epoch,train_loss,val_loss,val_pos_dist,val_neg_dist,lr,sec
1,0.6961,0.4365,0.4491,1.1512,1.00e-03,17
2,0.4707,0.3530,0.4154,1.2990,1.00e-03,16
3,0.4559,0.3414,0.4314,1.2861,1.00e-03,17
4,0.4253,0.3553,0.4153,1.2776,1.00e-03,16
5,0.4141,0.3271,0.4047,1.2933,1.00e-03,17
6,0.4001,0.3288,0.4092,1.2762,1.00e-03,18
7,0.3996,0.3214,0.3935,1.2903,1.00e-03,19
8,0.3957,0.3260,0.4044,1.2964,1.00e-03,19
9,0.3807,0.3421,0.3942,1.2525,1.00e-03,19
10,0.3847,0.3099,0.4015,1.3146,1.00e-03,20
11,0.3907,0.3227,0.3791,1.2553,1.00e-03,20
12,0.3781,0.3094,0.4021,1.3163,1.00e-03,20
13,0.3802,0.3350,0.3874,1.2513,1.00e-03,19
14,0.3718,0.3148,0.3974,1.2981,1.00e-03,19
15,0.3683,0.3096,0.3853,1.3055,1.00e-03,19
16,0.3732,0.3346,0.3800,1.2420,5.00e-04,20
17,0.3641,0.3033,0.3981,1.3147,5.00e-04,20
18,0.3610,0.3109,0.3795,1.2738,5.00e-04,20
19,0.3635,0.3198,0.3859,1.2684,5.00e-04,21
20,0.3542,0.3166,0.3901,1.2762,5.00e-04,22
21,0.3631,0.3206,0.3755,1.2367,2.50e-04,22
22,0.3549,0.3130,0.3893,1.2819,2.50e-04,22
23,0.3518,0.3146,0.3938,1.2828,2.50e-04,22
24,0.3501,0.3098,0.3891,1.2891,2.50e-04,21
25,0.3482,0.3251,0.3710,1.2441,1.25e-04,21
